Position;Const;Created;Modified;Description;Title;Original Title;Url;Title Type;IMDb Rating;Runtime (mins);Year;Genres;Num Votes;Release Date;Directors;Rotten Tomatoes;NVotesRT;Metacritic;NVotesMC;FM_IMDb;NVotesFM_IMDb;Letterboxd;NVotesLB;Flickmetrix_total;Notes
Position;Const;Created;Modified;Description;Title;Original Title;URL;Title Type;IMDb Rating;Runtime (mins);Year;Genres;Num Votes;Release Date;Directors;;;;;;;;;;
1;tt20215234;21-05-2025;21-05-2025;;Conclave;Conclave;https://www.imdb.com/title/tt20215234/;Movie;7.4;120;2024;Drama, Thriller;188380;25-10-2024;Edward Berger;81;181;79;41;74;132086;78;1023425;79;
2;tt9218128;21-05-2025;21-05-2025;;Gladiator II;Gladiator II;https://www.imdb.com/title/tt9218128/;Movie;7.5;148;2024;Action, Adventure, Drama;239834;22-11-2024;Ridley Scott;66;214;64;41;66;216494;66;964396;67;
3;tt8999762;21-05-2025;21-05-2025;;The Brutalist;The Brutalist;https://www.imdb.com/title/tt8999762/;Movie;7.6;216;2024;Drama;85229;24-01-2025;Brady Corbet;88;175;90;41;75;68946;80;544891;84;
4;tt30057084;21-05-2025;21-05-2025;;Babygirl;Babygirl;https://www.imdb.com/title/tt30057084/;Movie;7.7;114;2024;Drama, Romance, Thriller;59447;25-12-2024;Halina Reijn;72;143;79;41;60;47394;58;553519;58;
5;tt28607951;21-05-2025;21-05-2025;;Anora;Anora;https://www.imdb.com/title/tt28607951/;Movie;7.8;139;2024;Comedy, Drama, Romance;193608;08-11-2024;Sean Baker;87;193;91;41;76;150547;78;1494086;82;
6;tt11563598;21-05-2025;21-05-2025;;A Complete Unknown;A Complete Unknown;https://www.imdb.com/title/tt11563598/;Movie;7.9;141;2024;Biography, Drama, Music;83713;25-12-2024;James Mangold;74;139;70;41;74;59651;72;647790;76;
7;tt17526714;21-05-2025;21-05-2025;;The Substance;The Substance;https://www.imdb.com/title/tt17526714/;Movie;7.10;141;2024;Drama, Horror, Sci-Fi;307576;20-09-2024;Coralie Fargeat;80;221;78;41;73;279846;76;2261848;77;
8;tt5040012;21-05-2025;21-05-2025;;Nosferatu;Nosferatu;https://www.imdb.com/title/tt5040012/;Movie;7.11;132;2024;Fantasy, Horror, Mystery;202024;25-12-2024;Robert Eggers;80;217;78;41;73;178656;74;1848874;78;
9;tt2049403;21-05-2025;21-05-2025;;Beetlejuice Beetlejuice;Beetlejuice Beetlejuice;https://www.imdb.com/title/tt2049403/;Movie;7.12;105;2024;Comedy, Fantasy, Horror;150749;06-09-2024;Tim Burton;64;207;62;41;67;143252;64;7934405;69;
10;tt13652286;21-05-2025;21-05-2025;;Fight or Flight;Fight or Flight;https://www.imdb.com/title/tt13652286/;Movie;7.13;102;2024;Action, Comedy;11633;09-05-2025;James Madigan;68;6;*;*;64;6059;62;6727;64;metacritic + note, might exclude in the end
11;tt27534307;21-05-2025;21-05-2025;;Speak No Evil;Speak No Evil;https://www.imdb.com/title/tt27534307/;Movie;7.14;110;2024;Drama, Horror, Thriller;104713;13-09-2024;James Watkins;68;118;66;41;68;92329;66;348863;70;
12;tt28015403;21-05-2025;21-05-2025;;Heretic;Heretic;https://www.imdb.com/title/tt28015403/;Movie;7.15;111;2024;Horror, Thriller;146667;08-11-2024;Scott Beck, Bryan Woods;73;168;71;41;70;119513;68;650267;74;
13;tt8790086;21-05-2025;21-05-2025;;Kraven the Hunter;Kraven the Hunter;https://www.imdb.com/title/tt8790086/;Movie;7.16;127;2024;Action, Adventure, Thriller;59150;13-12-2024;J.C. Chandor;39;88;35;41;54;44886;40;128172;45;
14;tt1262426;21-05-2025;21-05-2025;;Wicked;Wicked: Part I;https://www.imdb.com/title/tt1262426/;Movie;7.17;160;2024;Fantasy, Musical, Romance;162444;22-11-2024;Jon M. Chu;77;204;73;41;75;141566;78;1649002;78;
15;tt12584954;21-05-2025;21-05-2025;;Twisters;Twisters;https://www.imdb.com/title/tt12584954/;Movie;7.18;122;2024;Action, Adventure, Thriller;172042;19-07-2024;Lee Isaac Chung;67;214;65;41;65;159898;66;767822;70;
16;tt6263850;21-05-2025;21-05-2025;;Deadpool & Wolverine;Deadpool & Wolverine;https://www.imdb.com/title/tt6263850/;Movie;7.19;128;2024;Action, Adventure, Comedy, Sci-Fi;499417;26-07-2024;Shawn Levy;66;233;56;41;76;479585;70;1836664;73;
17;tt26625693;21-05-2025;21-05-2025;;The Order;The Order;https://www.imdb.com/title/tt26625693/;Movie;7.20;116;2024;Crime, Drama, Thriller;46857;18-04-2025;Justin Kurzel;76;85;75;41;68;37717;70;85457;75;
18;tt5822536;21-05-2025;21-05-2025;;Paddington in Peru;Paddington in Peru;https://www.imdb.com/title/tt5822536/;Movie;7.21;106;2024;Animation, Adventure, Comedy, Family, Mystery;23370;14-02-2025;Dougal Wilson;69;95;65;41;67;17043;70;150727;73;
19;tt15239678;21-05-2025;21-05-2025;;Dune: Part Two;Dune: Part Two;https://www.imdb.com/title/tt15239678/;Movie;7.22;166;2024;Action, Adventure, Drama, Sci-Fi;631991;01-03-2024;Denis Villeneuve;83;262;79;41;85;612042;88;2282092;86;
20;tt29623480;21-05-2025;21-05-2025;;The Wild Robot;The Wild Robot;https://www.imdb.com/title/tt29623480/;Movie;7.23;102;2024;Animation, Sci-Fi;169559;27-09-2024;Chris Sanders;84;143;85;41;82;151761;84;807351;87;
21;tt13186482;21-05-2025;21-05-2025;;Mufasa: The Lion King;Mufasa: The Lion King;https://www.imdb.com/title/tt13186482/;Movie;7.24;118;2024;Animation, Adventure, Drama, Family, Musical;67582;20-12-2024;Barry Jenkins;58;114;56;41;66;47497;58;259412;65;
22;tt18412256;21-05-2025;21-05-2025;;Alien: Romulus;Alien: Romulus;https://www.imdb.com/title/tt18412256/;Movie;7.25;119;2024;Horror, Sci-Fi, Thriller;248752;16-08-2024;Fede Alvarez;68;228;64;41;71;237505;72;923146;73;
23;tt26753003;21-05-2025;21-05-2025;;Trap;Trap;https://www.imdb.com/title/tt26753003/;Movie;7.26;105;2024;Crime, Horror, Mystery, Thriller;141593;02-08-2024;M. Night Shyamalan;56;141;52;41;58;130030;54;743087;59;
24;tt21823606;21-05-2025;21-05-2025;;A Real Pain;A Real Pain;https://www.imdb.com/title/tt21823606/;Movie;7.27;90;2024;Comedy, Drama;98805;01-11-2024;Jesse Eisenberg;84;148;85;41;71;75455;76;708473;79;
25;tt14961016;21-05-2025;21-05-2025;;I'm Still Here;Ainda Estou Aqui;https://www.imdb.com/title/tt14961016/;Movie;7.28;137;2024;Biography, Drama, History;108697;07-02-2025;Walter Salles;84;106;85;41;84;94661;86;526291;87;
26;tt23468450;21-05-2025;21-05-2025;;Longlegs;Longlegs;https://www.imdb.com/title/tt23468450/;Movie;7.29;101;2024;Crime, Horror, Thriller;189163;12-07-2024;Osgood Perkins;76;187;77;41;66;178508;68;1284366;71;
27;tt5177120;21-05-2025;21-05-2025;;The Ministry of Ungentlemanly Warfare;The Ministry of Ungentlemanly Warfare;https://www.imdb.com/title/tt5177120/;Movie;7.30;122;2024;Action, Comedy, War;136727;19-04-2024;Guy Ritchie;60;94;55;41;68;131518;64;195787;65;
28;tt27196021;21-05-2025;21-05-2025;;Small Things Like These;Small Things Like These;https://www.imdb.com/title/tt27196021/;Movie;7.31;98;2024;Drama, History;24689;08-11-2024;Tim Mielants;78;61;82;41;68;20476;70;76625;73;
29;tt29268110;21-05-2025;21-05-2025;;Smile 2;Smile 2;https://www.imdb.com/title/tt29268110/;Movie;7.32;127;2024;Horror, Mystery, Thriller;109572;18-10-2024;Parker Finn;69;122;67;41;67;97154;66;586980;72;
30;tt16366836;21-05-2025;21-05-2025;;Venom: The Last Dance;Venom: The Last Dance;https://www.imdb.com/title/tt16366836/;Movie;7.33;110;2024;Action, Adventure, Sci-Fi, Thriller;122303;25-10-2024;Kelly Marcel;46;122;41;41;60;107482;50;330192;58;
31;tt13622970;21-05-2025;21-05-2025;;Moana 2;Moana 2;https://www.imdb.com/title/tt13622970/;Movie;7.34;100;2024;Animation, Adventure, Comedy, Family, Fantasy, Musical;105488;27-11-2024;David G. Derrick Jr., Jason Hand, Dana Ledoux Miller;60;127;58;41;67;87789;56;38835;65;
32;tt4772188;21-05-2025;21-05-2025;;Flow;Straume;https://www.imdb.com/title/tt4772188/;Movie;7.35;85;2024;Animation, Adventure, Family, Fantasy;79223;14-02-2025;Gints Zilbalodis;85;96;86;41;79;58616;82;552498;86;
33;tt15314262;21-05-2025;21-05-2025;;The Beekeeper;The Beekeeper;https://www.imdb.com/title/tt15314262/;Movie;7.36;105;2024;Action, Crime, Thriller;158812;12-01-2024;David Ayer;58;114;53;41;63;152517;54;231998;63;
34;tt27131358;21-05-2025;21-05-2025;;We Live in Time;We Live in Time;https://www.imdb.com/title/tt27131358/;Movie;7.37;108;2024;Drama, Romance;53619;18-10-2024;John Crowley;67;123;59;41;70;48221;74;706479;68;
35;tt14858658;21-05-2025;21-05-2025;;Blink Twice;Blink Twice;https://www.imdb.com/title/tt14858658/;Movie;7.38;102;2024;Mystery, Thriller;107899;23-08-2024;Zoë Kravitz;68;126;66;41;65;100534;66;553827;68;
36;tt18259086;21-05-2025;21-05-2025;;Sonic the Hedgehog 3;Sonic the Hedgehog 3;https://www.imdb.com/title/tt18259086/;Movie;7.39;110;2024;Action, Adventure, Comedy, Family, Fantasy, Sci-Fi;62010;20-12-2024;Jeff Fowler;64;80;56;41;69;52475;70;349206;72;
37;tt17279496;21-05-2025;21-05-2025;;Civil War;Civil War;https://www.imdb.com/title/tt17279496/;Movie;7.40;109;2024;Action, Thriller;240027;12-04-2024;Alex Garland;75;230;75;41;70;232058;72;885338;72;
38;tt27403986;21-05-2025;21-05-2025;;Juror #2;Juror #2;https://www.imdb.com/title/tt27403986/;Movie;7.41;114;2024;Crime, Drama, Mystery, Thriller;100935;20-12-2024;Clint Eastwood;73;106;72;41;70;91462;68;455302;75;
39;tt8368368;21-05-2025;21-05-2025;;The Apprentice;The Apprentice;https://www.imdb.com/title/tt8368368/;Movie;7.42;122;2024;Biography, Drama, History;57442;11-10-2024;Ali Abbasi;68;135;64;41;71;50085;72;265927;71;
40;tt23853982;21-05-2025;21-05-2025;;Parthenope;Parthenope;https://www.imdb.com/title/tt23853982/;Movie;7.43;137;2024;Drama, Fantasy;12902;24-10-2024;Paolo Sorrentino;55;51;52;41;66;90068;62;51882;62;
41;tt10655524;21-05-2025;21-05-2025;;It Ends with Us;It Ends with Us;https://www.imdb.com/title/tt10655524/;Movie;7.44;130;2024;Drama, Romance;86962;09-08-2024;Justin Baldoni;55;103;53;41;64;81298;48;518438;59;
42;tt12037194;21-05-2025;21-05-2025;;Furiosa: A Mad Max Saga;Furiosa: A Mad Max Saga;https://www.imdb.com/title/tt12037194/;Movie;7.45;148;2024;Action, Adventure, Sci-Fi, Thriller;287761;24-05-2024;George Miller;79;243;79;41;75;279661;76;822866;79;
43;tt27489557;21-05-2025;21-05-2025;;Abigail;Abigail;https://www.imdb.com/title/tt27489557/;Movie;7.46;109;2024;Horror, Thriller;98285;19-04-2024;Matt Bettinelli-Olpin, Tyler Gillett;67;136;62;41;66;94075;62;352981;67;
44;tt26446278;21-05-2025;21-05-2025;;The Count of Monte-Cristo;Le Comte de Monte-Cristo;https://www.imdb.com/title/tt26446278/;Movie;7.47;178;2024;Action, Adventure, Drama, Romance, Thriller;35870;20-12-2024;Alexandre de La Patellière, Matthieu Delaporte;78;49;75;41;76;32245;82;204410;82;
45;tt28249919;21-05-2025;21-05-2025;;Presence;Presence;https://www.imdb.com/title/tt28249919/;Movie;7.48;84;2024;Drama, Horror, Thriller;23813;24-01-2025;Steven Soderbergh;73;120;77;41;61;17344;60;122518;67;late release date
46;tt1684562;21-05-2025;21-05-2025;;The Fall Guy;The Fall Guy;https://www.imdb.com/title/tt1684562/;Movie;7.49;126;2024;Action, Comedy, Drama, Romance;223560;03-05-2024;David Leitch;72;211;73;41;68;216115;68;785070;72;
47;tt14260836;21-05-2025;21-05-2025;;Better Man;Better Man;https://www.imdb.com/title/tt14260836/;Movie;7.50;135;2024;Biography, Fantasy, Music, Musical;29022;10-01-2025;Michael Gracey;75;115;77;41;76;22375;76;153327;78;
48;tt21382296;21-05-2025;21-05-2025;;Carry-On;Carry-On;https://www.imdb.com/title/tt21382296/;Movie;7.51;119;2024;Action, Crime, Thriller;168278;13-12-2024;Jaume Collet-Serra;68;65;69;41;65;159660;60;762785;70;
49;tt14257582;21-05-2025;21-05-2025;;Wolfs;Wolfs;https://www.imdb.com/title/tt14257582/;Movie;7.52;108;2024;Crime, Thriller;85138;27-09-2024;Jon Watts;59;97;60;41;65;78829;60;132497;64;
50;tt22048412;21-05-2025;21-05-2025;;MaXXXine;MaXXXine;https://www.imdb.com/title/tt22048412/;Movie;7.53;103;2024;Crime, Horror;71924;05-07-2024;Ti West;65;168;64;41;63;67427;62;661072;67;
51;tt27911000;21-05-2025;21-05-2025;;Terrifier 3;Terrifier 3;https://www.imdb.com/title/tt27911000/;Movie;7.54;125;2024;Horror;50054;11-10-2024;Damien Leone;64;84;62;41;63;46969;58;285710;68;
52;tt10128846;21-05-2025;21-05-2025;;Megalopolis;Megalopolis;https://www.imdb.com/title/tt10128846/;Movie;7.55;138;2024;Drama, Fantasy, Sci-Fi;36430;27-09-2024;Francis Ford Coppola;50;168;55;41;47;34382;46;238858;50;
53;tt24871974;21-05-2025;21-05-2025;;Subservience;Subservience;https://www.imdb.com/title/tt24871974/;Movie;7.56;106;2024;Sci-Fi, Thriller;28380;13-09-2024;S.K. Dale;53;24;*;*;54;26160;40;82058;49;missing metacritic, check release date
54;tt3359350;21-05-2025;21-05-2025;;Road House;Road House;https://www.imdb.com/title/tt3359350/;Movie;7.57;121;2024;Action, Drama, Thriller;169065;21-03-2024;Doug Liman;56;113;57;41;62;165487;52;314599;62;
55;tt16426418;21-05-2025;21-05-2025;;Challengers;Challengers;https://www.imdb.com/title/tt16426418/;Movie;7.58;131;2024;Comedy, Drama, Romance, Sport;156712;26-04-2024;Luca Guadagnino;81;204;82;41;71;150683;78;2022574;76;
56;tt11057302;21-05-2025;21-05-2025;;Madame Web;Madame Web;https://www.imdb.com/title/tt11057302/;Movie;7.59;116;2024;Action, Thriller;101947;14-02-2024;S.J. Clarkson;32;150;26;41;40;99070;30;392568;35;
57;tt26470109;21-05-2025;21-05-2025;;Oddity;Oddity;https://www.imdb.com/title/tt26470109/;Movie;7.60;98;2024;Horror, Thriller;44379;19-07-2024;Damian Mc Carthy;76;78;78;41;67;40017;68;143052;74;the scores are odd
58;tt28082769;21-05-2025;21-05-2025;;sep-05;sep-05;https://www.imdb.com/title/tt28082769/;Movie;7.61;95;2024;Drama, History, Thriller;24882;17-01-2025;Tim Fehlbaum;79;111;76;41;71;20037;68;97436;74;
59;tt27657135;21-05-2025;21-05-2025;;Saturday Night;Saturday Night;https://www.imdb.com/title/tt27657135/;Movie;7.62;109;2024;Biography, Comedy, Drama, History;31447;11-10-2024;Jason Reitman;68;127;60;41;69;28826;70;266178;67;
60;tt11315808;21-05-2025;21-05-2025;;Joker: Folie à Deux;Joker: Folie à Deux;https://www.imdb.com/title/tt11315808/;Movie;7.63;138;2024;Drama, Musical, Thriller;162623;04-10-2024;Todd Phillips;48;213;45;41;52;156462;48;682409;44;
61;tt31193791;21-05-2025;21-05-2025;;The Last Showgirl;The Last Showgirl;https://www.imdb.com/title/tt31193791/;Movie;7.64;88;2024;Drama;12155;10-01-2025;Gia Coppola;68;114;66;41;65;8789;66;83380;71;
62;tt12349832;21-05-2025;21-05-2025;;Cuckoo;Cuckoo;https://www.imdb.com/title/tt12349832/;Movie;7.65;102;2024;Horror, Mystery, Thriller;27570;09-08-2024;Tilman Singer;66;106;62;41;57;25061;58;225817;63;
63;tt9466114;21-05-2025;21-05-2025;;The Idea of You;The Idea of You;https://www.imdb.com/title/tt9466114/;Movie;7.66;115;2024;Comedy, Drama, Romance;73983;02-05-2024;Michael Showalter;66;94;67;41;63;71718;50;574580;65;
64;tt22022452;21-05-2025;21-05-2025;;Inside Out 2;Inside Out 2;https://www.imdb.com/title/tt22022452/;Movie;7.67;96;2024;Animation, Adventure, Comedy, Drama, Family, Fantasy;218962;14-06-2024;Kelsey Mann;75;181;73;41;75;210983;72;1879861;77;
65;tt27218960;21-05-2025;21-05-2025;;Y2K;Y2K;https://www.imdb.com/title/tt27218960/;Movie;7.68;91;2024;Comedy, Horror, Sci-Fi;15372;06-12-2024;Kyle Mooney;52;52;49;41;49;9783;52;105282;47;
66;tt8864596;21-05-2025;21-05-2025;;Transformers One;Transformers One;https://www.imdb.com/title/tt8864596/;Movie;7.69;104;2024;Animation, Action, Adventure, Family, Fantasy, Sci-Fi;52173;20-09-2024;Josh Cooley;71;97;64;41;76;47362;76;206575;75;
67;tt4978420;21-05-2025;21-05-2025;;Borderlands;Borderlands;https://www.imdb.com/title/tt4978420/;Movie;7.70;101;2024;Action, Adventure, Comedy, Sci-Fi, Thriller;49319;09-08-2024;Eli Roth;31;97;26;41;47;45280;30;99671;35;
68;tt24176060;21-05-2025;21-05-2025;;Queer;Queer;https://www.imdb.com/title/tt24176060/;Movie;7.71;137;2024;Biography, Drama, History, Romance;22459;29-03-2025;Luca Guadagnino;71;124;72;41;65;17754;68;290311;69;
69;tt22408160;21-05-2025;21-05-2025;;Kinds of Kindness;Kinds of Kindness;https://www.imdb.com/title/tt22408160/;Movie;7.72;164;2024;Comedy, Drama, Horror;60172;28-06-2024;Yorgos Lanthimos;65;155;64;41;65;57823;66;429513;63;
70;tt23558280;21-05-2025;21-05-2025;;Elevation;Elevation;https://www.imdb.com/title/tt23558280/;Movie;7.73;91;2024;Action, Sci-Fi, Thriller;23212;26-11-2024;George Nolfi;53;33;50;41;56;19591;46;26696;57;
71;tt11301886;21-05-2025;21-05-2025;;Rebel Ridge;Rebel Ridge;https://www.imdb.com/title/tt11301886/;Movie;7.74;131;2024;Action, Crime, Drama, Thriller;89505;06-09-2024;Jeremy Saulnier;78;73;76;41;68;85674;68;73;73;
72;tt1340094;21-05-2025;21-05-2025;;The Crow;The Crow;https://www.imdb.com/title/tt1340094/;Movie;7.75;111;2024;Action, Crime, Fantasy, Horror, Romance, Thriller;35605;23-08-2024;Rupert Sanders;46;88;30;41;47;32487;44;104122;46;
73;tt29439114;21-05-2025;21-05-2025;;The Room Next Door;The Room Next Door;https://www.imdb.com/title/tt29439114/;Movie;7.76;107;2024;Drama;21456;18-10-2024;Pedro Almodóvar;71;109;70;41;68;18204;68;134663;69;
74;tt14539740;21-05-2025;21-05-2025;;Godzilla x Kong: The New Empire;Godzilla x Kong: The New Empire;https://www.imdb.com/title/tt14539740/;Movie;7.77;115;2024;Action, Adventure, Fantasy, Sci-Fi, Thriller;122753;29-03-2024;Adam Wingard;55;149;47;41;61;119166;54;366639;62;
75;tt27540542;21-05-2025;21-05-2025;;Lucky Baskhar;Lucky Baskhar;https://www.imdb.com/title/tt27540542/;Movie;7.78;148;2024;Crime, Drama, Thriller;32870;31-10-2024;Venky Atluri;*;*;*;*;80;29741;72;32817;76;no rt nor metacritic
76;tt10245072;21-05-2025;21-05-2025;;Salem's Lot;Salem's Lot;https://www.imdb.com/title/tt10245072/;Movie;7.79;114;2024;Horror, Thriller;34097;03-10-2024;Gary Dauberman;52;61;47;41;56;32703;48;9027;50;
77;tt18272208;21-05-2025;21-05-2025;;Here;Here;https://www.imdb.com/title/tt18272208/;Movie;7.80;104;2024;Drama;21706;01-11-2024;Robert Zemeckis;48;97;39;41;63;1826;60;79691;57;
78;tt7510222;21-05-2025;21-05-2025;;Despicable Me 4;Despicable Me 4;https://www.imdb.com/title/tt7510222/;Movie;7.81;94;2024;Animation, Adventure, Comedy, Crime, Family, Sci-Fi;66762;03-07-2024;Chris Renaud, Patrick Delage;55;94;52;41;62;62184;54;422613;62;
79;tt21097228;21-05-2025;21-05-2025;;A Different Man;A Different Man;https://www.imdb.com/title/tt21097228/;Movie;7.82;112;2024;Comedy, Drama, Thriller;30066;04-10-2024;Aaron Schimberg;77;110;78;41;69;27202;76;205727;78;
80;tt17505010;21-05-2025;21-05-2025;;Horizon: An American Saga - Chapter 1;Horizon: An American Saga - Chapter 1;https://www.imdb.com/title/tt17505010/;Movie;7.83;181;2024;Drama, Western;40673;28-06-2024;Kevin Costner;55;91;49;41;67;39018;60;52089;57;
81;tt19637052;21-05-2025;21-05-2025;;Love Lies Bleeding;Love Lies Bleeding;https://www.imdb.com/title/tt19637052/;Movie;7.84;104;2024;Action, Adventure, Crime, Drama, Mystery, Romance, Thriller;57704;03-05-2024;Rose Glass;78;153;77;41;66;55575;70;532373;73;
82;tt22173666;21-05-2025;21-05-2025;;Azrael;Azrael;https://www.imdb.com/title/tt22173666/;Movie;7.85;86;2024;Action, Horror;11455;27-09-2024;E.L. Katz;60;49;52;41;54;10160;58;32306;60;
83;tt22939186;21-05-2025;21-05-2025;;Arcadian;Arcadian;https://www.imdb.com/title/tt22939186/;Movie;7.86;92;2024;Action, Drama, Horror, Sci-Fi, Thriller;23578;12-04-2024;Benjamin Brewer;62;68;57;41;55;22391;52;417000;58;
84;tt18559464;21-05-2025;21-05-2025;;My Old Ass;My Old Ass;https://www.imdb.com/title/tt18559464/;Movie;7.87;89;2024;Comedy, Drama, Romance;40160;27-09-2024;Megan Park;75;103;74;41;69;37475;70;255342;75;
85;tt15552142;21-05-2025;21-05-2025;;Caddo Lake;Caddo Lake;https://www.imdb.com/title/tt15552142/;Movie;7.88;103;2024;Drama, Mystery, Sci-Fi, Thriller;43492;10-10-2024;Logan George, Celine Held;59;25;55;41;68;400391;68;114032;63;
86;tt23055660;21-05-2025;21-05-2025;;Nickel Boys;Nickel Boys;https://www.imdb.com/title/tt23055660/;Movie;7.89;140;2024;Drama;19728;28-02-2025;RaMell Ross;86;105;91;41;70;16595;80;175430;81;
87;tt8310486;21-05-2025;21-05-2025;;Miller's Girl;Miller's Girl;https://www.imdb.com/title/tt8310486/;Movie;7.90;93;2024;Comedy, Drama, Thriller;23882;26-01-2024;Jade Halley Bartlett;49;39;41;41;52;22703;36;188881;50;
88;tt20221436;21-05-2025;21-05-2025;;Emilia Pérez;Emilia Pérez;https://www.imdb.com/title/tt20221436/;Movie;7.91;132;2024;Crime, Drama, Musical, Thriller;89451;13-11-2024;Jacques Audiard;68;153;70;41;54;84056;40;515069;64;Outedated, the current (as of may 24th on lb) is 2.0
89;tt13433802;21-05-2025;21-05-2025;;A Quiet Place: Day One;A Quiet Place: Day One;https://www.imdb.com/title/tt13433802/;Movie;7.92;99;2024;Drama, Horror, Sci-Fi, Thriller;152088;28-06-2024;Michael Sarnoski;82;256;82;41;75;625539;72;1545662;78;
90;tt16539454;21-05-2025;21-05-2025;;Pushpa: The Rule - Part 2;Pushpa: The Rule - Part 2;https://www.imdb.com/title/tt16539454/;Movie;7.93;201;2024;Action, Crime, Drama, Thriller;57178;05-12-2024;Sukumar;*;*;*;*;61;53954;56;23271;59;missing metacritic and rt, check release date
91;tt15009428;21-05-2025;21-05-2025;;Argylle;Argylle;https://www.imdb.com/title/tt15009428/;Movie;7.94;139;2024;Action, Comedy, Thriller;93233;02-02-2024;Matthew Vaughn;46;165;35;41;56;91457;46;231132;51;
92;tt4919268;21-05-2025;21-05-2025;;Bad Boys: Ride or Die;Bad Boys: Ride or Die;https://www.imdb.com/title/tt4919268/;Movie;7.95;115;2024;Action, Adventure, Comedy, Crime, Thriller;101144;07-06-2024;Adil El Arbi, Bilall Fallah;59;138;54;41;65;97876;64;187545;66;
93;tt11152168;21-05-2025;21-05-2025;;IF;If;https://www.imdb.com/title/tt11152168/;Movie;7.96;104;2024;Animation, Comedy, Drama, Family, Fantasy;58782;17-05-2024;John Krasinski;55;115;46;41;64;56681;58;147797;58;
94;tt11389872;21-05-2025;21-05-2025;;Kingdom of the Planet of the Apes;Kingdom of the Planet of the Apes;https://www.imdb.com/title/tt11389872/;Movie;7.97;145;2024;Action, Adventure, Drama, Sci-Fi, Thriller;153137;10-05-2024;Wes Ball;69;18;66;41;69;149207;66;494056;70;
95;tt14824600;21-05-2025;21-05-2025;;The Lord of the Rings: The War of the Rohirrim;The Lord of the Rings: The War of the Rohirrim;https://www.imdb.com/title/tt14824600/;Movie;7.98;134;2024;Animation, Action, Adventure, Drama, Fantasy;31624;13-12-2024;Kenji Kamiyama;56;84;54;41;63;27800;62;90054;63;
96;tt19356262;21-05-2025;21-05-2025;;Drive-Away Dolls;Drive-Away Dolls;https://www.imdb.com/title/tt19356262/;Movie;7.99;84;2024;Action, Comedy, Thriller;23778;23-02-2024;Ethan Coen;60;136;56;41;54;22849;56;220071;57;
97;tt21692408;21-05-2025;21-05-2025;;Kung Fu Panda 4;Kung Fu Panda 4;https://www.imdb.com/title/tt21692408/;Movie;7.100;94;2024;Animation, Action, Adventure, Comedy, Family, Fantasy;69112;08-03-2024;Mike Mitchell, Stephanie Stine;60;93;54;41;63;66547;54;311212;63;
98;tt14577874;21-05-2025;21-05-2025;;It's What's Inside;It's What's Inside;https://www.imdb.com/title/tt14577874/;Movie;7.101;103;2024;Comedy, Mystery, Sci-Fi, Thriller;43040;04-10-2024;Greg Jardin;69;45;56;41;66;4556;70;386392;68;
99;tt1896747;21-05-2025;21-05-2025;;Fly Me to the Moon;Fly Me to the Moon;https://www.imdb.com/title/tt1896747/;Movie;7.102;132;2024;Comedy, Romance;50889;12-07-2024;Greg Berlanti;60;124;53;41;66;480042;62;12842;65;
100;tt14948432;21-05-2025;21-05-2025;;Red One;Red One;https://www.imdb.com/title/tt14948432/;Movie;7.103;123;2024;Action, Adventure, Comedy, Fantasy, Mystery;141011;15-11-2024;Jake Kasdan;42;105;34;41;63;137282;46;29137;56;
101;tt22004344;21-05-2025;21-05-2025;;Snack Shack;Snack Shack;https://www.imdb.com/title/tt22004344/;Movie;7.104;112;2024;Comedy;12788;01-07-2024;Adam Rehmeier;63;19;64;41;70;11427;72;740041;68;check release date
102;tt24458622;21-05-2025;21-05-2025;;The Six Triple Eight;The Six Triple Eight;https://www.imdb.com/title/tt24458622/;Movie;7.105;127;2024;Drama, History, War;27075;20-12-2024;Tyler Perry;55;31;51;41;67;25166;64;67821;64;check release date
103;tt15574270;21-05-2025;21-05-2025;;I Saw the TV Glow;I Saw the TV Glow;https://www.imdb.com/title/tt15574270/;Movie;7.106;100;2024;Drama, Mystery;36978;17-05-2024;Jane Schoenbrun;79;126;86;41;58;34611;70;547454;71;
104;tt21235248;21-05-2025;21-05-2025;;Ghostbusters: Frozen Empire;Ghostbusters: Frozen Empire;https://www.imdb.com/title/tt21235248/;Movie;7.107;115;2024;Adventure, Comedy, Fantasy, Sci-Fi;94315;22-03-2024;Gil Kenan;51;171;46;41;61;92082;52;213103;58;
105;tt13818368;21-05-2025;21-05-2025;;Fighter;Fighter;https://www.imdb.com/title/tt13818368/;Movie;7.108;166;2024;Action, Drama;52386;25-01-2024;Siddharth Anand;*;*;*;*;*;*;*;*;*;does not exist on flick metrix
106;tt12810074;21-05-2025;21-05-2025;;Nightbitch;Nightbitch;https://www.imdb.com/title/tt12810074/;Movie;7.109;99;2024;Comedy, Horror;20269;06-12-2024;Marielle Heller;59;108;56;41;56;18359;56;104893;62;
107;tt26736843;21-05-2025;21-05-2025;;The Watchers;The Watchers;https://www.imdb.com/title/tt26736843/;Movie;7.110;102;2024;Fantasy, Horror, Mystery, Thriller;57908;07-06-2024;Ishana Shyamalan;48;107;46;41;57;55165;48;234560;53;
108;tt22893404;21-05-2025;21-05-2025;;Maria;Maria;https://www.imdb.com/title/tt22893404/;Movie;7.111;124;2024;Biography, Drama, Music;19884;11-12-2024;Pablo Larraín;67;1200;63;41;64;18025;66;96337;70;
109;tt0327785;21-05-2025;21-05-2025;;The Killer's Game;The Killer's Game;https://www.imdb.com/title/tt0327785/;Movie;7.112;104;2024;Action, Comedy, Thriller;17659;13-09-2024;J.J. Perry;47;28;36;41;57;16176;52;21963;56;
110;tt13452446;21-05-2025;21-05-2025;;Damsel;Damsel;https://www.imdb.com/title/tt13452446/;Movie;7.113;110;2024;Action, Adventure, Fantasy;110284;08-03-2024;Juan Carlos Fresnadillo;53;78;46;41;61;1820;50;325595;57;
111;tt11687002;21-05-2025;21-05-2025;;The Outrun;The Outrun;https://www.imdb.com/title/tt11687002/;Movie;7.114;118;2024;Drama;16221;04-10-2024;Nora Fingscheidt;74;87;72;41;69;13976;74;88906;77;
112;tt24169886;21-05-2025;21-05-2025;;The Instigators;The Instigators;https://www.imdb.com/title/tt24169886/;Movie;7.115;101;2024;Action, Comedy, Crime, Drama, Mystery, Thriller;38261;09-08-2024;Doug Liman;53;80;48;41;62;36732;56;48695;54;
113;tt9214772;21-05-2025;21-05-2025;;Monkey Man;Monkey Man;https://www.imdb.com/title/tt9214772/;Movie;7.116;121;2024;Action, Crime, Thriller;92462;05-04-2024;Dev Patel;72;168;70;41;68;89909;74;509194;74;
114;tt32178949;21-05-2025;21-05-2025;;The Seed of the Sacred Fig;Dane-ye anjir-e ma'abed;https://www.imdb.com/title/tt32178949/;Movie;7.117;167;2024;Crime, Drama, Thriller;14332;18-02-2025;Mohammad Rasoulof;83;85;84;41;76;12140;78;75101;81;
115;tt11762114;21-05-2025;21-05-2025;;Mean Girls;Mean Girls;https://www.imdb.com/title/tt11762114/;Movie;7.118;112;2024;Comedy, Musical;37286;12-01-2024;Samantha Jayne, Arturo Perez Jr.;61;127;58;41;56;36598;52;529595;61;
116;tt10236164;21-05-2025;21-05-2025;;The Girl with the Needle;Pigen med nålen;https://www.imdb.com/title/tt10236164/;Movie;7.119;123;2024;Crime, Drama, History;14328;24-01-2025;Magnus von Horn;80;59;82;41;75;11977;78;78534;79;
117;tt23137390;21-05-2025;21-05-2025;;Immaculate;Immaculate;https://www.imdb.com/title/tt23137390/;Movie;7.120;89;2024;Horror, Thriller;53443;22-03-2024;Michael Mohan;61;123;57;41;58;51488;58;461601;59;
118;tt27367464;21-05-2025;21-05-2025;;Kneecap;Kneecap;https://www.imdb.com/title/tt27367464/;Movie;7.121;105;2024;Comedy, Drama, Music;18503;02-08-2024;Rich Peppiatt;78;76;76;41;76;16558;82;138571;81;
119;tt23770030;21-05-2025;21-05-2025;;Memoir of a Snail;Memoir of a Snail;https://www.imdb.com/title/tt23770030/;Movie;7.122;95;2024;Animation, Drama;18099;17-10-2024;Adam Elliot;82;77;81;41;78;15038;82;146481;81;
120;tt14415204;21-05-2025;21-05-2025;;Never Let Go;Never Let Go;https://www.imdb.com/title/tt14415204/;Movie;7.123;101;2024;Horror, Thriller;15734;20-09-2024;Alexandre Aja;58;62;55;41;54;13535;50;38293;53;
121;tt24807110;21-05-2025;21-05-2025;;Don't Move;Don't Move;https://www.imdb.com/title/tt24807110/;Movie;7.124;92;2024;Horror, Thriller;39770;25-10-2024;Brian Netto, Adam Schindler;58;32;54;41;58;37834;50;145692;58;
122;tt26548265;21-05-2025;21-05-2025;;Maharaja;Maharaja;https://www.imdb.com/title/tt26548265/;Movie;7.125;141;2024;Action, Crime, Drama, Thriller;68660;13-06-2024;Nithilan Saminathan;78;5;*;*;84;65173;76;53036;79;missing mc
123;tt23778968;21-05-2025;21-05-2025;;Thelma;Thelma;https://www.imdb.com/title/tt23778968/;Movie;7.126;98;2024;Action, Comedy;23321;21-06-2024;Josh Margolin;77;112;77;41;70;21463;74;99874;76;
124;tt13397574;21-05-2025;21-05-2025;;Mothers' Instinct;Mothers' Instinct;https://www.imdb.com/title/tt13397574/;Movie;7.127;94;2024;Drama, Thriller;20949;13-08-2024;Benoît Delhomme;55;39;48;41;63;19923;62;93340;60;
125;tt31392609;21-05-2025;21-05-2025;;How to Make Millions Before Grandma Dies;Lahn Mah;https://www.imdb.com/title/tt31392609/;Movie;7.128;125;2024;Comedy, Drama, Family;16082;13-09-2024;Pat Boonnitipat;77;3;74;41;80;12701;86;97676;82;
126;tt12610390;21-05-2025;21-05-2025;;The Union;The Union;https://www.imdb.com/title/tt12610390/;Movie;7.129;107;2024;Action, Comedy, Thriller;53499;16-08-2024;Julian Farino;46;44;44;41;54;5234;40;459007;47;
127;tt19864802;21-05-2025;21-05-2025;;Land of Bad;Land of Bad;https://www.imdb.com/title/tt19864802/;Movie;7.130;113;2024;Action, Thriller;51846;16-02-2024;William Eubank;61;40;57;41;66;50021;60;46946;65;
128;tt30321146;21-05-2025;21-05-2025;;In a Violent Nature;In a Violent Nature;https://www.imdb.com/title/tt30321146/;Movie;7.131;94;2024;Drama, Horror, Thriller;26832;28-06-2024;Chris Nash;67;112;68;41;56;250013;56;149650;62;
129;tt32086077;21-05-2025;21-05-2025;;All We Imagine as Light;All We Imagine as Light;https://www.imdb.com/title/tt32086077/;Movie;7.132;118;2024;Drama, Romance;10348;02-10-2024;Payal Kapadia;87;84;93;41;71;8892;78;702004;83;
130;tt26757462;21-05-2025;21-05-2025;;Hellboy: The Crooked Man;Hellboy: The Crooked Man;https://www.imdb.com/title/tt26757462/;Movie;7.133;99;2024;Action, Horror, Mystery, Thriller;13978;08-10-2024;Brian Taylor;47;26;45;41;45;12216;46;23340;47;
131;tt11097384;21-05-2025;21-05-2025;;Spaceman;Spaceman;https://www.imdb.com/title/tt11097384/;Movie;7.134;107;2024;Adventure, Drama, Sci-Fi;43391;01-03-2024;Johan Renck;57;79;55;41;57;42319;60;114970;60;
132;tt20201748;21-05-2025;21-05-2025;;Greedy People;Greedy People;https://www.imdb.com/title/tt20201748/;Movie;7.135;112;2024;Comedy, Crime;12133;23-08-2024;Potsy Ponciroli;56;25;45;41;62;10595;62;11393;55;
133;tt24577462;21-05-2025;21-05-2025;;Afraid;AfrAId;https://www.imdb.com/title/tt24577462/;Movie;7.136;84;2024;Horror, Mystery, Sci-Fi, Thriller;14362;30-08-2024;Chris Weitz;36;36;28;41;52;13320;36;44745;43;
134;tt15939198;21-05-2025;21-05-2025;;Blitz;Blitz;https://www.imdb.com/title/tt15939198/;Movie;7.137;120;2024;Action, Drama, History, War;16492;01-11-2024;Steve McQueen;70;97;71;41;62;15547;60;52115;65;
135;tt5672290;21-05-2025;21-05-2025;;The First Omen;The First Omen;https://www.imdb.com/title/tt5672290/;Movie;7.138;119;2024;Horror;64827;05-04-2024;Arkasha Stevenson;69;121;65;41;65;63176;68;290227;67;
136;tt33428606;21-05-2025;21-05-2025;;Solo Leveling: ReAwakening;Solo Leveling: ReAwakening;https://www.imdb.com/title/tt33428606/;Movie;7.139;121;2024;Animation, Action, Adventure, Fantasy;13052;06-12-2024;Shunsuke Nakashige;*;*;*;*;87;6921;74;6567;81;missing rt and mc
137;tt1660648;21-05-2025;21-05-2025;;Ricky Stanicky;Ricky Stanicky;https://www.imdb.com/title/tt1660648/;Movie;7.140;113;2024;Comedy;56649;07-03-2024;Peter Farrelly;50;50;44;41;62;55102;54;184769;56;
138;tt33175825;21-05-2025;21-05-2025;;Attack on Titan the Movie: The Last Attack;Shingeki no Kyojin: The Last Attack;https://www.imdb.com/title/tt33175825/;Movie;7.141;145;2024;Animation, Action, Adventure, Drama;16576;08-11-2024;Yûichirô Hayashi;*;*;*;*;93;13975;90;27696;92;missing rt and mc
139;tt28510079;21-05-2025;21-05-2025;;Culpa Tuya;Culpa Tuya;https://www.imdb.com/title/tt28510079/;Movie;7.142;118;2024;Drama, Romance;13558;27-12-2024;Domingo González;43;7;*;*;52;12523;34;99107;43;missing mc, check release date
140;tt14857528;21-05-2025;21-05-2025;;Time Cut;Time Cut;https://www.imdb.com/title/tt14857528/;Movie;7.143;91;2024;Horror, Mystery, Sci-Fi, Thriller;19282;30-10-2024;Hannah Macpherson;40;25;36;41;50;18208;42;147494;46;check release date
141;tt14371860;21-05-2025;21-05-2025;;Apartment 7A;Apartment 7A;https://www.imdb.com/title/tt14371860/;Movie;7.144;107;2024;Horror, Thriller;16803;27-09-2024;Natalie Erika James;54;49;49;41;59;15711;54;38714;53;check release date
142;tt23782584;21-05-2025;21-05-2025;;Nr. 24;Nr. 24;https://www.imdb.com/title/tt23782584/;Movie;7.145;111;2024;Biography, Drama, War;15626;01-01-2025;John Andreas Andersen;*;*;*;*;75;14178;72;18111;74;no rt nor metacritic, check date
143;tt21284218;21-05-2025;21-05-2025;;Incoming;Incoming;https://www.imdb.com/title/tt21284218/;Movie;7.146;91;2024;Comedy;14089;23-08-2024;Dave Chernin, John Chernin;40;18;38;41;58;13436;44;112235;48;
144;tt13186604;21-05-2025;21-05-2025;;Uglies;Uglies;https://www.imdb.com/title/tt13186604/;Movie;7.147;100;2024;Action, Adventure, Drama, Fantasy, Sci-Fi;33207;13-09-2024;McG;35;32;34;41;47;31941;28;201717;40;
145;tt27802490;21-05-2025;21-05-2025;;Exhuma;Pamyo;https://www.imdb.com/title/tt27802490/;Movie;7.148;134;2024;Drama, Horror, Mystery, Thriller;23897;22-02-2024;Jang Jae-hyun;78;33;80;41;69;22516;72;106973;79;
146;tt21051906;21-05-2025;21-05-2025;;A Family Affair;A Family Affair;https://www.imdb.com/title/tt21051906/;Movie;7.149;111;2024;Comedy, Drama, Romance;36942;28-06-2024;Richard LaGravenese;46;55;43;41;53;35935;40;148779;45;
147;tt3083016;21-05-2025;21-05-2025;;Beverly Hills Cop: Axel F;Beverly Hills Cop: Axel F;https://www.imdb.com/title/tt3083016/;Movie;7.150;118;2024;Action, Comedy, Crime, Thriller;81785;03-07-2024;Mark Molloy;59;109;53;41;64;80289;58;82826;62;
148;tt4196566;21-05-2025;21-05-2025;;The Deliverance;The Deliverance;https://www.imdb.com/title/tt4196566/;Movie;7.151;112;2024;Drama, Horror, Mystery, Thriller;22679;30-08-2024;Lee Daniels;47;46;39;41;51;21987;40;86487;48;
149;tt1121948;21-05-2025;21-05-2025;;The Killer;The Killer;https://www.imdb.com/title/tt1121948/;Movie;7.152;126;2024;Action, Thriller;13123;23-08-2024;John Woo;59;33;60;41;57;12251;54;14423;61;
150;tt21830902;21-05-2025;21-05-2025;;Upgraded;Upgraded;https://www.imdb.com/title/tt21830902/;Movie;7.153;104;2024;Comedy, Romance;29734;09-02-2024;Carlson Young;60;30;59;41;61;28596;56;193843;62;
151;tt27599851;21-05-2025;21-05-2025;;Apocalypse Z: The Beginning of the End;Apocalipsis Z: El principio del fin;https://www.imdb.com/title/tt27599851/;Movie;7.154;117;2024;Action, Horror, Sci-Fi, Thriller;20266;31-10-2024;Carles Torrens;*;*;*;*;61;19188;56;30004;59;rt and mc, check release date
152;tt14088510;21-05-2025;21-05-2025;;Tarot;Tarot;https://www.imdb.com/title/tt14088510/;Movie;7.155;92;2024;Horror;32021;03-05-2024;Spenser Cohen, Anna Halberg;41;48;36;41;48;30803;40;1833008;46;
153;tt8542964;21-05-2025;21-05-2025;;Sleeping Dogs;Sleeping Dogs;https://www.imdb.com/title/tt8542964/;Movie;7.156;110;2024;Crime, Mystery, Thriller;21918;22-03-2024;Adam Cooper;51;30;45;41;62;20882;54;14676;56;
154;tt14371878;21-05-2025;21-05-2025;;Lift;Lift;https://www.imdb.com/title/tt14371878/;Movie;7.157;107;2024;Action, Comedy, Crime, Drama, Thriller;49639;12-01-2024;F. Gary Gray;45;48;40;41;55;48703;42;77457;49;
155;tt5779228;21-05-2025;21-05-2025;;The Garfield Movie;The Garfield Movie;https://www.imdb.com/title/tt5779228/;Movie;7.158;101;2024;Animation, Adventure, Comedy, Family, Fantasy;24395;24-05-2024;Mark Dindal;44;78;31;41;57;23523;50;130647;53;
156;tt12735488;21-05-2025;21-05-2025;;Kalki 2898 AD;Kalki 2898-AD;https://www.imdb.com/title/tt12735488/;Movie;7.159;180;2024;Action, Adventure, Drama, Fantasy, Sci-Fi, Thriller;67198;27-06-2024;Nag Ashwin;*;*;65;41;70;65695;62;34735;66;missing rt, check date
157;tt10720352;21-05-2025;21-05-2025;;Arthur the King;Arthur the King;https://www.imdb.com/title/tt10720352/;Movie;7.160;107;2024;Adventure, Drama, Sport;34653;15-03-2024;Simon Cellan Jones;58;51;54;41;70;33515;64;39835;66;
158;tt21261712;21-05-2025;21-05-2025;;Back to Black;Back to Black;https://www.imdb.com/title/tt21261712/;Movie;7.161;122;2024;Biography, Drama, Music;26971;17-05-2024;Sam Taylor-Johnson;48;13;43;41;63;26072;50;132396;57;
159;tt14914430;21-05-2025;21-05-2025;;Unfrosted;Unfrosted;https://www.imdb.com/title/tt14914430/;Movie;7.162;97;2024;Biography, Comedy, History;34920;03-05-2024;Jerry Seinfeld;49;69;42;41;55;34422;42;70416;48;check date
160;tt30319503;21-05-2025;21-05-2025;;Dìdi;Dìdi;https://www.imdb.com/title/tt30319503/;Movie;7.163;93;2024;Comedy, Drama;13044;16-08-2024;Sean Wang;*;*;*;*;*;*;*;*;*;not on the site
161;tt23137904;21-05-2025;21-05-2025;;Rebel Moon - Part Two: The Scargiver;Rebel Moon - Part Two: The Scargiver;https://www.imdb.com/title/tt23137904/;Movie;7.164;122;2024;Action, Adventure, Drama, Fantasy, Sci-Fi;59691;19-04-2024;Zack Snyder;*;*;35;41;53;58658;38;64948;46;missing rt
162;tt14856980;21-05-2025;21-05-2025;;Atlas;Atlas;https://www.imdb.com/title/tt14856980/;Movie;7.165;118;2024;Action, Adventure, Drama, Sci-Fi, Thriller;56347;24-05-2024;Brad Peyton;38;67;37;41;56;55356;40;46686;46;
163;tt17163970;21-05-2025;21-05-2025;;Wallace & Gromit: Vengeance Most Fowl;Wallace & Gromit: Vengeance Most Fowl;https://www.imdb.com/title/tt17163970/;Movie;7.166;82;2024;Animation, Adventure, Comedy, Family, Sci-Fi;35242;03-01-2025;Merlin Crossingham, Nick Park;83;73;83;41;75;32793;78;359785;83;
164;tt26940324;21-05-2025;21-05-2025;;Jackpot!;Jackpot!;https://www.imdb.com/title/tt26940324/;Movie;7.167;106;2024;Action, Comedy;30816;15-08-2024;Paul Feig;46;46;41;41;58;29928;52;64781;51;
165;tt9682428;21-05-2025;21-05-2025;;Night Swim;Night Swim;https://www.imdb.com/title/tt9682428/;Movie;7.168;98;2024;Horror, Mystery, Thriller;27575;05-01-2024;Bryce McGuire;43;107;43;41;47;26922;34;124137;46;
166;tt20194882;21-05-2025;21-05-2025;;Lonely Planet;Lonely Planet;https://www.imdb.com/title/tt20194882/;Movie;7.169;94;2024;Drama, Romance;11835;11-10-2024;Susannah Grant;50;25;46;41;57;11233;42;20322;54;check release date
167;tt22050754;21-05-2025;21-05-2025;;The Strangers: Chapter 1;The Strangers: Chapter 1;https://www.imdb.com/title/tt22050754/;Movie;7.170;91;2024;Horror;22734;17-05-2024;Renny Harlin;43;69;43;41;46;22059;38;119815;45;
168;tt13964390;21-05-2025;21-05-2025;;Under Paris;Sous la Seine;https://www.imdb.com/title/tt13964390/;Movie;7.171;104;2024;Action, Drama, Horror, Sport, Thriller;36573;05-06-2024;Xavier Gens;59;36;57;41;52;35640;42;161366;54;
169;tt21188080;21-05-2025;21-05-2025;;Lisa Frankenstein;Lisa Frankenstein;https://www.imdb.com/title/tt21188080/;Movie;7.172;101;2024;Comedy, Horror, Romance;28350;09-02-2024;Zelda Williams;54;113;47;41;61;27631;70;325505;64;
170;tt5177114;21-05-2025;21-05-2025;;Young Woman and the Sea;Young Woman and the Sea;https://www.imdb.com/title/tt5177114/;Movie;7.173;129;2024;Biography, Drama, Romance, Sport;17305;19-07-2024;Joachim Rønning;67;59;62;41;75;16542;74;27554;74;
171;tt1723808;21-05-2025;21-05-2025;;Reagan;Reagan;https://www.imdb.com/title/tt1723808/;Movie;7.174;141;2024;Biography, Drama, History;11321;30-08-2024;Sean McNamara;36;35;22;41;62;10705;44;8182;51;
172;tt26926267;21-05-2025;21-05-2025;;Mother of the Bride;Mother of the Bride;https://www.imdb.com/title/tt26926267/;Movie;7.175;88;2024;Comedy, Drama, Romance;16990;09-05-2024;Mark Waters;27;35;39;41;48;16661;32;55777;41;
173;tt9860566;21-05-2025;21-05-2025;;Brothers;Brothers;https://www.imdb.com/title/tt9860566/;Movie;7.176;89;2024;Action, Comedy, Crime;13432;17-10-2024;Max Barbakow;47;15;50;41;54;12862;46;19954;53;
174;tt27419292;21-05-2025;21-05-2025;;Killer Heat;Killer Heat;https://www.imdb.com/title/tt27419292/;Movie;7.177;95;2024;Crime, Drama, Mystery, Romance, Thriller;13661;26-09-2024;Philippe Lacôte;41;18;33;41;56;13084;48;20499;45;
175;tt29114029;21-05-2025;21-05-2025;;The Tearsmith;Fabbricante di lacrime;https://www.imdb.com/title/tt29114029/;Movie;7.178;103;2024;Drama, Fantasy, Romance;12574;04-04-2024;Alessandro Genovesi;39;6;*;*;52;11985;30;128483;40;no mc
176;tt20112746;21-05-2025;21-05-2025;;Sting;Sting;https://www.imdb.com/title/tt20112746/;Movie;7.179;91;2024;Horror, Sci-Fi, Thriller;16579;12-04-2024;Kiah Roache-Turner;59;88;57;41;57;15799;50;40315;57;
177;tt20048582;21-05-2025;21-05-2025;;Canary Black;Canary Black;https://www.imdb.com/title/tt20048582/;Movie;7.180;101;2024;Action, Drama, Thriller;11740;24-10-2024;Pierre Morel;44;9;*;*;54;11080;46;6364;48;no mc, check release date
178;tt15980138;21-05-2025;21-05-2025;;Kishkindha Kaandam;Kishkindha Kaandam;https://www.imdb.com/title/tt15980138/;Movie;7.181;133;2024;Drama, Mystery, Thriller;12027;12-09-2024;Dinjith Ayyathan;*;*;*;*;80;10986;78;22100;79;no rt nor metacritic, check date
179;tt4996328;21-05-2025;21-05-2025;;Ordinary Angels;Ordinary Angels;https://www.imdb.com/title/tt4996328/;Movie;7.182;118;2024;Biography, Drama;16000;23-02-2024;Jon Gunn;64;52;57;41;74;15301;66;11994;69;
180;tt16253418;21-05-2025;21-05-2025;;No Way Up;No Way Up;https://www.imdb.com/title/tt16253418/;Movie;7.183;90;2024;Action, Adventure, Drama, Thriller;10662;16-02-2024;Claudio Fäh;47;18;*;*;46;10280;36;29075;43;no mc, check release date
181;tt31711040;21-05-2025;21-05-2025;;Look Back;Rukku bakku;https://www.imdb.com/title/tt31711040/;Movie;7.184;58;2024;Animation, Drama;15317;07-11-2024;Kiyotaka Oshiyama;88;18;90;41;78;13923;86;239711;88;
182;tt21279806;21-05-2025;21-05-2025;;Scoop;Scoop;https://www.imdb.com/title/tt21279806/;Movie;7.185;102;2024;Biography, Drama;20370;05-04-2024;Philip Martin;66;46;63;41;65;20029;60;48889;63;
183;tt23330554;21-05-2025;21-05-2025;;Winnie-the-Pooh: Blood and Honey 2;Winnie-the-Pooh: Blood and Honey II;https://www.imdb.com/title/tt23330554/;Movie;7.186;93;2024;Horror, Thriller;11548;26-06-2024;Rhys Frake-Waterfield;41;32;27;41;47;11114;42;32006;45;
184;tt28075881;21-05-2025;21-05-2025;;Do Patti;Do Patti;https://www.imdb.com/title/tt28075881/;Movie;7.187;126;2024;Crime, Drama, Mystery, Thriller;68788;25-10-2024;Shashanka Chaturvedi;*;*;*;*;64;68318;50;6641;57;
185;tt8521778;21-05-2025;21-05-2025;;Bob Marley: One Love;Bob Marley: One Love;https://www.imdb.com/title/tt8521778/;Movie;7.188;107;2024;Biography, Drama, Music;34872;14-02-2024;Reinaldo Marcus Green;51;110;43;41;62;34101;58;162894;61;
186;tt27729779;21-05-2025;21-05-2025;;The Platform 2;El hoyo 2;https://www.imdb.com/title/tt27729779/;Movie;7.189;99;2024;Horror, Sci-Fi, Thriller;40443;04-10-2024;Galder Gaztelu-Urrutia;52;20;45;41;49;38901;42;185031;46;
187;tt26458038;21-05-2025;21-05-2025;;Manjummel Boys;Manjummel Boys;https://www.imdb.com/title/tt26458038/;Movie;7.190;135;2024;Adventure, Drama, Thriller;27701;22-02-2024;Chidambaram;49;4;*;*;82;26712;80;36601;70;no mc, check date
188;tt5834874;21-05-2025;21-05-2025;;Trigger Warning;Trigger Warning;https://www.imdb.com/title/tt5834874/;Movie;7.191;106;2024;Action, Crime, Thriller;19512;21-06-2024;Mouly Surya;38;28;36;41;46;19144;40;17868;41;
189;tt27757805;21-05-2025;21-05-2025;;Baby John;Baby John;https://www.imdb.com/title/tt27757805/;Movie;7.192;159;2024;Action, Crime, Drama, Thriller;17166;25-12-2024;Kalees;40;11;*;*;54;16634;48;3958;47;no mc, check release date
190;tt29383379;21-05-2025;21-05-2025;;Marco;Marco;https://www.imdb.com/title/tt29383379/;Movie;7.193;145;2024;Action, Crime, Drama, Thriller;21908;20-12-2024;Haneef Adeni;*;*;*;*;*;*;*;*;*;doesn't exist on the site
191;tt27118357;21-05-2025;21-05-2025;;Amaran;Amaran;https://www.imdb.com/title/tt27118357/;Movie;7.194;167;2024;Action, Biography, Drama, War;19008;31-10-2024;Rajkumar Periasamy;*;*;*;*;82;17999;72;21179;77;
192;tt26758372;21-05-2025;21-05-2025;;Meiyazhagan;Meiyazhagan;https://www.imdb.com/title/tt26758372/;Movie;7.195;177;2024;Drama, Family;14471;27-09-2024;C. Prem Kumar;*;*;*;*;*;*;*;*;*;doesn't exist on the site
193;tt28066777;21-05-2025;21-05-2025;;Orion and the Dark;Orion and the Dark;https://www.imdb.com/title/tt28066777/;Movie;7.196;93;2024;Animation, Adventure, Comedy, Family, Fantasy, Mystery;17366;02-02-2024;Sean Charmatz;71;45;72;41;63;16944;62;67869;65;
194;tt27510174;21-05-2025;21-05-2025;;Stree 2: Sarkate Ka Aatank;Stree 2: Sarkate Ka Aatank;https://www.imdb.com/title/tt27510174/;Movie;7.197;147;2024;Comedy, Horror;42461;16-08-2024;Amar Kaushik;62;17;*;*;69;41241;60;20785;63;
195;tt11240348;21-05-2025;21-05-2025;;The Exorcism;The Exorcism;https://www.imdb.com/title/tt11240348/;Movie;7.198;95;2024;Horror, Thriller;11561;21-06-2024;Joshua John Miller;47;72;46;41;42;11098;36;28730;44;
196;tt26658104;21-05-2025;21-05-2025;;Imaginary;Imaginary;https://www.imdb.com/title/tt26658104/;Movie;7.199;104;2024;Horror, Mystery, Thriller;17439;08-03-2024;Jeff Wadlow;39;66;34;41;47;16975;36;69899;43;
197;tt19862722;21-05-2025;21-05-2025;;Find Me Falling;Find Me Falling;https://www.imdb.com/title/tt19862722/;Movie;7.200;93;2024;Comedy, Music, Romance;12858;19-07-2024;Stelana Kliris;51;18;50;41;63;12481;48;12423;57;
198;tt31022050;21-05-2025;21-05-2025;;Our Little Secret;Our Little Secret;https://www.imdb.com/title/tt31022050/;Movie;7.201;101;2024;Comedy, Romance;23766;27-11-2024;Stephen Herek;46;24;41;41;57;23269;46;152412;55;
199;tt2396431;21-05-2025;21-05-2025;;Dear Santa;Dear Santa;https://www.imdb.com/title/tt2396431/;Movie;7.202;107;2024;Comedy, Fantasy;18673;25-11-2024;Bobby Farrelly;38;15;34;41;54;18313;40;41650;42;
200;tt27459160;21-05-2025;21-05-2025;;Teri Baaton Mein Aisa Uljha Jiya;Teri Baaton Mein Aisa Uljha Jiya;https://www.imdb.com/title/tt27459160/;Movie;7.203;141;2024;Comedy, Drama, Romance, Sci-Fi;54231;09-02-2024;Amit Joshi, Aradhana Sah;55;15;*;*;62;52882;52;8758;56;
201;tt31522415;21-05-2025;21-05-2025;;Sikandar Ka Muqaddar;Sikandar ka Muqaddar;https://www.imdb.com/title/tt31522415/;Movie;7.204;142;2024;Action, Crime, Drama, Mystery, Thriller;24435;29-11-2024;Neeraj Pandey;*;*;*;*;60;24032;52;2678;56;
202;tt30970235;21-05-2025;21-05-2025;;Article 370;Article 370;https://www.imdb.com/title/tt30970235/;Movie;7.205;158;2024;Action, Drama, Thriller;24867;23-02-2024;Aditya Suhas Jambhale;68;5;*;*;78;24476;64;4559;70;
203;tt21626774;21-05-2025;21-05-2025;;Sector 36;Sector 36;https://www.imdb.com/title/tt21626774/;Movie;7.206;123;2024;Crime, Drama, Thriller;25441;13-09-2024;Aditya Nimbalkar;62;17;*;*;71;24954;66;11547;66;
204;tt32495687;21-05-2025;21-05-2025;;Sookshma Darshini;Sookshmadarshini;https://www.imdb.com/title/tt32495687/;Movie;7.207;142;2024;Comedy, Mystery, Thriller;10644;22-11-2024;Mc Jithin;*;*;*;*;78;9490;72;24800;75;
205;tt27995594;21-05-2025;21-05-2025;;Munjya;Munjya;https://www.imdb.com/title/tt27995594/;Movie;7.208;123;2024;Comedy, Horror;25709;07-06-2024;Aditya Sarpotdar;54;6;*;*;63;25114;54;8404;57;
206;tt30007864;21-05-2025;21-05-2025;;The American Society of Magical Negroes;The American Society of Magical Negroes;https://www.imdb.com/title/tt30007864/;Movie;7.209;104;2024;Comedy, Fantasy;12093;15-03-2024;Kobi Libii;49;43;50;41;37;11831;52;17549;42;
207;tt21957774;21-05-2025;21-05-2025;;Irish Wish;Irish Wish;https://www.imdb.com/title/tt21957774/;Movie;7.210;93;2024;Comedy, Fantasy, Romance;21599;15-03-2024;Janeen Damian;44;36;46;41;52;21254;38;944689;49;
208;tt26660021;21-05-2025;21-05-2025;;Aavesham;Aavesham;https://www.imdb.com/title/tt26660021/;Movie;7.211;155;2024;Action, Comedy;28436;11-04-2024;Jithu Madhavan;*;*;*;*;78;27161;76;39180;77;
209;tt12964320;21-05-2025;21-05-2025;;Role Play;Role Play;https://www.imdb.com/title/tt12964320/;Movie;7.212;100;2024;Action, Comedy, Romance;19081;12-01-2024;Thomas Vincent;47;34;38;41;55;18755;46;21307;49;
210;tt27056012;21-05-2025;21-05-2025;;Khel Khel Mein;Khel Khel Mein;https://www.imdb.com/title/tt27056012/;Movie;7.213;135;2024;Comedy, Drama;27459;15-08-2024;Mudassar Aziz;*;*;*;*;*;*;*;*;*;doesn't exist on the site
211;tt12930350;21-05-2025;21-05-2025;;My Spy: The Eternal City;My Spy: The Eternal City;https://www.imdb.com/title/tt12930350/;Movie;7.214;112;2024;Action, Comedy;10914;18-07-2024;Peter Segal;41;24;36;41;57;10631;48;10418;47;
212;tt32368345;21-05-2025;21-05-2025;;The Merry Gentlemen;The Merry Gentlemen;https://www.imdb.com/title/tt32368345/;Movie;7.215;87;2024;Comedy, Musical, Romance;10157;20-11-2024;Peter Sullivan;41;13;34;41;48;10011;34;42856;40;
213;tt29722855;21-05-2025;21-05-2025;;Badland Hunters;Hwangya;https://www.imdb.com/title/tt29722855/;Movie;7.216;107;2024;Action, Adventure, Crime, Drama, Mystery, Sci-Fi, Thriller;12443;26-01-2024;Heo Myeong-haeng;59;18;54;41;59;12099;58;23040;58;
214;tt32359447;21-05-2025;21-05-2025;;Hot Frosty;Hot Frosty;https://www.imdb.com/title/tt32359447/;Movie;7.217;92;2024;Comedy, Fantasy, Romance;14655;13-11-2024;Jerry Ciccoritti;55;27;50;41;53;14495;40;101852;52;
215;tt27470893;21-05-2025;21-05-2025;;Chandu Champion;Chandu Champion;https://www.imdb.com/title/tt27470893/;Movie;7.218;142;2024;Action, Biography, Drama, History, Sport, War;34015;14-06-2024;Kabir Khan;60;9;*;*;78;33656;68;5045;68;missing mc, check release date
216;tt14833464;21-05-2025;21-05-2025;;Players;Players;https://www.imdb.com/title/tt14833464/;Movie;7.219;105;2024;Comedy, Romance;12161;14-02-2024;Trish Sie;48;21;52;41;57;11931;50;47871;51;
217;tt11976134;21-05-2025;21-05-2025;;Singham Again;Singham Again;https://www.imdb.com/title/tt11976134/;Movie;7.220;144;2024;Action, Crime, Drama, Thriller;75043;01-11-2024;Rohit Shetty;54;11;*;*;48;74654;40;6573;47;missing mc, check release date
218;tt26733317;21-05-2025;21-05-2025;;Jigra;Jigra;https://www.imdb.com/title/tt26733317/;Movie;7.221;153;2024;Action, Crime, Drama, Thriller;23720;11-10-2024;Vasan Bala;56;7;*;*;60;23332;60;12497;58;missing mc, check release date
219;tt27744786;21-05-2025;21-05-2025;;Shaitaan;Shaitaan;https://www.imdb.com/title/tt27744786/;Movie;7.222;132;2024;Drama, Horror, Thriller;54609;08-03-2024;Vikas Bahl;54;14;*;*;65;54109;52;16207;57;missing mc, check release date
220;tt14855468;21-05-2025;21-05-2025;;That Christmas;That Christmas;https://www.imdb.com/title/tt14855468/;Movie;7.223;91;2024;Animation, Adventure, Comedy, Family, Fantasy;16987;04-12-2024;Simon Otto;59;26;60;41;68;16739;68;56372;69;
221;tt27431598;21-05-2025;21-05-2025;;Bramayugam;Bramayugam;https://www.imdb.com/title/tt27431598/;Movie;7.224;139;2024;Drama, Horror, Thriller;14238;15-02-2024;Rahul Sadasivan;46;3;*;*;78;13740;76;25302;66;missing mc, check release date
222;tt19838634;21-05-2025;21-05-2025;;Ulajh;Ulajh;https://www.imdb.com/title/tt19838634/;Movie;7.225;150;2024;Crime, Drama, Thriller;24174;02-08-2024;Sudhanshu Saria;59;7;*;*;60;24031;54;2399;57;missing mc, check release date
223;tt28288786;21-05-2025;21-05-2025;;Premalu;Premalu;https://www.imdb.com/title/tt28288786/;Movie;7.226;156;2024;Comedy, Romance;19786;09-02-2024;Girish A.D.;43;3;*;*;78;18929;74;28772;65;missing mc
224;tt14764464;21-05-2025;21-05-2025;;Code 8: Part II;Code 8: Part II;https://www.imdb.com/title/tt14764464/;Movie;7.227;100;2024;Action, Crime, Drama, Sci-Fi, Thriller;15976;28-02-2024;Jeff Chan;58;11;40;41;57;15652;52;15401;55;
225;tt22036406;21-05-2025;21-05-2025;;Kanguva;Kanguva;https://www.imdb.com/title/tt22036406/;Movie;7.228;152;2024;Action, Adventure, Drama, Fantasy, Thriller;14666;14-11-2024;Siva;*;*;*;*;45;14456;34;11035;40;no rt nor metacritic, check date
226;tt11821912;21-05-2025;21-05-2025;;Devara Part 1;Devara: Part 1;https://www.imdb.com/title/tt11821912/;Movie;7.229;176;2024;Action, Drama, Thriller;20558;26-09-2024;Koratala Siva;*;*;*;*;60;19998;52;14292;56;
227;tt4501268;21-05-2025;21-05-2025;;Maharaj;Maharaj;https://www.imdb.com/title/tt4501268/;Movie;7.230;131;2024;Biography, Crime, Drama, History, Thriller;15038;21-06-2024;Siddharth P Malhotra;50;7;*;*;65;14777;60;6801;58;no mc, check release date
228;tt5525650;21-05-2025;21-05-2025;;The Goat Life;The Goat Life;https://www.imdb.com/title/tt5525650/;Movie;7.231;173;2024;Adventure, Drama;47575;28-03-2024;Blessy;68;7;*;*;71;47021;68;21914;69;no mc, check date
229;tt27487934;21-05-2025;21-05-2025;;The Greatest of All Time;The Greatest of All Time;https://www.imdb.com/title/tt27487934/;Movie;7.232;183;2024;Action, Thriller;22712;03-10-2024;Venkat Prabhu;44;7;*;*;57;22192;50;21065;50;no mc, che
230;tt26936666;21-05-2025;21-05-2025;;Vettaiyan;Vettaiyan;https://www.imdb.com/title/tt26936666/;Movie;7.233;163;2024;Action, Crime, Drama;39647;10-10-2024;T.J. Gnanavel;*;*;*;*;70;39188;58;18694;64;no rt nor metacritic, check date
231;tt13885428;21-05-2025;21-05-2025;;Anweshippin Kandethum;Anweshippin Kandethum;https://www.imdb.com/title/tt13885428/;Movie;7.234;142;2024;Crime, Drama, Mystery, Thriller;10413;09-02-2024;Darwin Kuriakose;39;2;*;*;74;10008;66;13406;59;no mc, check date
232;tt10869778;21-05-2025;21-05-2025;;Maidaan;Maidaan;https://www.imdb.com/title/tt10869778/;Movie;7.235;181;2024;Biography, Drama, History, Sport;22763;10-04-2024;Amit Ravindernath Sharma;58;8;*;*;79;22503;72;7046;69;no mc, check date
233;tt23475174;21-05-2025;21-05-2025;;Sarfira;Sarfira;https://www.imdb.com/title/tt23475174/;Movie;7.236;155;2024;Drama;10836;12-07-2024;Sudha Kongara;54;8;*;*;69;10572;66;1047;63;no mc, check date
234;tt21383812;21-05-2025;21-05-2025;;Crew;Crew;https://www.imdb.com/title/tt21383812/;Movie;7.237;118;2024;Comedy, Drama;37133;29-03-2024;Rajesh A Krishnan;69;10;*;*;58;36910;60;16750;62;no mc, check date
235;tt26745657;21-05-2025;21-05-2025;;Madgaon Express;Madgaon Express;https://www.imdb.com/title/tt26745657/;Movie;7.238;143;2024;Comedy, Drama;41014;22-03-2024;Kunal Kemmu;63;7;*;*;70;40619;64;11103;65;no mc, check date
236;tt21469794;21-05-2025;21-05-2025;;Space Cadet;Space Cadet;https://www.imdb.com/title/tt21469794/;Movie;7.239;110;2024;Comedy;10127;04-07-2024;Liz W. Garcia;39;22;40;41;49;9913;46;22017;44;
237;tt26932223;21-05-2025;21-05-2025;;Bhool Bhulaiyaa 3;Bhool Bhulaiyaa 3;https://www.imdb.com/title/tt26932223/;Movie;7.240;158;2024;Comedy, Fantasy, Horror;77613;01-11-2024;Anees Bazmee;*;*;*;*;*;*;*;*;*;doesn't exist on the site
238;tt27028399;21-05-2025;21-05-2025;;Murder Mubarak;Murder Mubarak;https://www.imdb.com/title/tt27028399/;Movie;7.241;140;2024;Comedy, Horror, Mystery, Romance;51094;15-03-2024;Homi Adajania;55;15;*;*;58;51013;50;5915;54;no mc, check release date
239;tt23790740;21-05-2025;21-05-2025;;Srikanth;Srikanth;https://www.imdb.com/title/tt23790740/;Movie;7.242;134;2024;Biography, Drama;14015;10-05-2024;Tushar Hiranandani;*;*;*;*;*;*;*;*;*;doesn't exist on the site
240;tt29330913;21-05-2025;21-05-2025;;Vicky Vidya Ka Woh Wala Video;Vicky Vidya Ka Woh Wala Video;https://www.imdb.com/title/tt29330913/;Movie;7.243;152;2024;Comedy;11467;11-10-2024;Raaj Shaandilyaa;*;*;*;*;*;*;*;*;*;doesn't exist on the site
241;tt30889755;21-05-2025;21-05-2025;;The Sabarmati Report;The Sabarmati Report;https://www.imdb.com/title/tt30889755/;Movie;7.244;127;2024;Crime, Drama, Thriller;24481;15-11-2024;Dheeraj Sarna;*;*;*;*;*;*;*;*;*;doesn't exist on the site
242;tt25434834;21-05-2025;21-05-2025;;Viduthalai Part 2;Viduthalai Part 2;https://www.imdb.com/title/tt25434834/;Movie;7.245;170;2024;Action, Crime, Drama, Thriller;16171;20-12-2024;Vetrimaaran;*;*;*;*;80;15509;68;11996;74;no rt nor metacritic, check date
243;tt26658272;21-05-2025;21-05-2025;;Amar Singh Chamkila;Amar Singh Chamkila;https://www.imdb.com/title/tt26658272/;Movie;7.246;145;2024;Biography, Drama, Music, Romance;16336;12-04-2024;Imtiaz Ali;75;15;*;*;78;16162;74;12465;75;no mc, check date
244;tt15433956;21-05-2025;21-05-2025;;Hanu Man;Hanu Man;https://www.imdb.com/title/tt15433956/;Movie;7.247;158;2024;Action, Adventure, Fantasy;29354;12-01-2024;Prasanth Varma;60;6;*;*;77;29135;62;9610;66;no mc
245;tt29808429;21-05-2025;21-05-2025;;Color of Victory;Zaferin Rengi;https://www.imdb.com/title/tt29808429/;Movie;7.248;157;2024;Drama, History, Sport;40412;16-02-2024;Abdullah Oguz, Bekir Dadas;*;*;*;*;61;40328;66;2402;64;has the original title but not the anglisized one
246;tt27940442;21-05-2025;21-05-2025;;Blackout;Blackout;https://www.imdb.com/title/tt27940442/;Movie;7.249;122;2024;Comedy, Thriller;10443;07-06-2024;Devang Bhavsar;64;22;*;*;61;10393;60;484;61;check date
247;tt26659814;21-05-2025;21-05-2025;;Auron Mein Kahan Dum Tha;Auron Mein Kahan Dum Tha;https://www.imdb.com/title/tt26659814/;Movie;7.250;150;2024;Action, Crime, Drama, Romance;40574;02-08-2024;Neeraj Pandey;*;*;*;*;*;*;*;*;*;doesn't exist on the site
248;tt32308617;21-05-2025;21-05-2025;;Savi;Savi;https://www.imdb.com/title/tt32308617/;Movie;7.251;126;2024;Action, Crime, Drama, Romance, Thriller;34912;31-05-2024;Abhinay Deo;*;*;*;*;*;*;*;*;*;doesn't exist on the site
249;tt14564000;21-05-2025;21-05-2025;;Guntur Kaaram;Guntur Kaaram;https://www.imdb.com/title/tt14564000/;Movie;7.252;159;2024;Action, Drama;24618;12-01-2024;Trivikram Srinivas;31;3;*;*;54;24508;46;11585;43;check date
250;tt26233598;21-05-2025;21-05-2025;;Raayan;Raayan;https://www.imdb.com/title/tt26233598/;Movie;7.253;145;2024;Action, Crime, Drama, Thriller;11062;26-07-2024;Dhanush;*;*;*;*;65;10787;62;17513;64;no rt nor metacritic, check date
251;tt11281220;21-05-2025;21-05-2025;;Intoxicated by Love;Maste eshgh;https://www.imdb.com/title/tt11281220/;Movie;7.254;118;2024;Drama, History, Romance;13341;24-04-2024;Hasan Fathi;*;*;*;*;85;12149;44;781;65;no rt nor metacritic, check date
252;tt27930683;21-05-2025;21-05-2025;;Agni;Agni;https://www.imdb.com/title/tt27930683/;Movie;7.255;122;2024;Action, Drama;14927;06-12-2024;Rahul Dholakia;*;*;*;*;*;*;*;*;*;doesn't exist on the site
253;tt24517830;21-05-2025;21-05-2025;;Bad Newz;Bad Newz;https://www.imdb.com/title/tt24517830/;Movie;7.256;142;2024;Comedy, Romance;25936;19-07-2024;Anand Tiwari;52;9;*;*;47;25832;44;4569;47;no mc
254;tt18072316;21-05-2025;21-05-2025;;Bade Miyan Chote Miyan;Bade Miyan Chote Miyan;https://www.imdb.com/title/tt18072316/;Movie;7.257;163;2024;Action, Adventure, Sci-Fi, Thriller;39017;11-04-2024;Ali Abbas Zafar;34;11;*;*;38;38909;38;38;36;no mc
255;tt14753612;21-05-2025;21-05-2025;;Swatantrya Veer Savarkar;Swatantrya Veer Savarkar;https://www.imdb.com/title/tt14753612/;Movie;7.258;176;2024;Biography, Drama;17612;22-03-2024;Randeep Hooda;41;4;*;*;77;17478;68;1917;62;no mc
256;tt15392282;21-05-2025;21-05-2025;;Merry Christmas;Merry Christmas;https://www.imdb.com/title/tt15392282/;Movie;7.259;144;2024;Drama, Mystery, Thriller;29855;12-01-2024;Sriram Raghavan;66;13;*;*;69;29679;68;19407;67;no mc
257;tt15576290;21-05-2025;21-05-2025;;Do Aur Do Pyaar;Do Aur Do Pyaar;https://www.imdb.com/title/tt15576290/;Movie;7.260;140;2024;Comedy, Drama, Romance;12200;19-04-2024;Shirsha Guha Thakurta;*;*;*;*;*;*;*;*;*;doesn't exist on the site
258;tt14056466;21-05-2025;21-05-2025;;Yudhra;Yudhra;https://www.imdb.com/title/tt14056466/;Movie;7.261;142;2024;Action, Drama, Thriller;13310;20-09-2024;Ravi Udyawar;*;*;*;*;*;*;*;;*;doesn't exist on the site
259;tt19857862;21-05-2025;21-05-2025;;Now or Never!;Most vagy soha!;https://www.imdb.com/title/tt19857862/;Movie;7.262;135;2024;Adventure, Biography, Drama, History, Romance;17122;14-03-2024;Balázs Lóth;*;*;*;*;21;16818;46;873;34;check date
260;tt16227342;21-05-2025;21-05-2025;;Mr. & Mrs. Mahi;Mr. & Mrs. Mahi;https://www.imdb.com/title/tt16227342/;Movie;7.263;139;2024;Drama, Sport;15991;31-05-2024;Sharan Sharma;*;*;*;*;*;*;*;*;*;doesn't exist on the site
261;tt8066940;21-05-2025;21-05-2025;;Indian 2;Indian 2;https://www.imdb.com/title/tt8066940/;Movie;7.264;178;2024;Action, Drama, Musical, Thriller;16424;12-07-2024;S. Shankar;*;*;*;*;39;16317;30;11620;35;no rt nor metacritic, check date
262;tt27051027;21-05-2025;21-05-2025;;Love Li;Love li;https://www.imdb.com/title/tt27051027/;Movie;7.265;168;2024;Drama, Romance;13002;14-06-2024;Chethan Keshav;*;*;*;*;*;*;*;*;*;doesn't exist on the site
263;tt31514262;21-05-2025;21-05-2025;;Wild Wild Punjab;Wild Wild Punjab;https://www.imdb.com/title/tt31514262/;Movie;7.266;109;2024;Comedy, Romance;15510;10-07-2024;Simarpreet Singh;46;7;*;*;62;15447;58;1965;55;no mc
264;tt15334030;21-05-2025;21-05-2025;;Martin;Martin;https://www.imdb.com/title/tt15334030/;Movie;7.267;147;2024;Action, Drama, Thriller;35804;11-10-2024;A.P. Arjun;*;*;*;*;*;*;*;*;*;doesn't exist on the site
265;tt30783769;21-05-2025;21-05-2025;;Kaam Chalu Hai;Kaam Chalu Hai;https://www.imdb.com/title/tt30783769/;Movie;7.268;82;2024;Drama;12738;19-04-2024;Palaash Muchhal;*;*;*;*;*;*;*;*;*;doesn't exist on the site
266;tt32765621;21-05-2025;21-05-2025;;Sipahi;Sipahi;https://www.imdb.com/title/tt32765621/;Movie;7.269;62;2024;Drama;13868;25-06-2024;Amit Bhadana;*;*;*;*;*;*;*;*;*;doesn't exist on the site
